dataset,split,class,original_filename,sample_path,sha256
DDD,all,drowsy,A0175.png,DDD/drowsy/A0175.png,12b97979d3642a4b6c59a42d989be9d2d1d0c73786b9626cd5fbf1dfbec62ebc
DDD,all,drowsy,A0820.png,DDD/drowsy/A0820.png,68b5cfd3f9528b1cfc7e95cf032f9493540c580edb51d09e1bcf6bb394a1b20f
DDD,all,drowsy,A1170.png,DDD/drowsy/A1170.png,591c00a42a925cc92e32a40177269209c0081da57b14a54e9967b092cd816310
DDD,all,drowsy,D0085.png,DDD/drowsy/D0085.png,cc529a1f30629612bf61cdc9a630f96307ff1c4fbad5950c5d6b84a9a247e51f
DDD,all,drowsy,D0148.png,DDD/drowsy/D0148.png,019146b610e38add7eb57f4b693ec60d747d95db9d71f083eee5f92734153e22
DDD,all,drowsy,E0056.png,DDD/drowsy/E0056.png,65fcd44d18af27cf669cc59fffb7013d949ca1a495ed319c2c8cc41f0272ac30
DDD,all,drowsy,E0746.png,DDD/drowsy/E0746.png,c4416cdc22519b10237580103335a987e96fadec34fbc5b03b4a5913d5304d8c
DDD,all,drowsy,H0007.png,DDD/drowsy/H0007.png,d85859041a2a9a3cb89f62132afb248be128b332ae89de287606b3fc7add9e46
DDD,all,drowsy,H0585.png,DDD/drowsy/H0585.png,8bab7ff2c00d14d8db159136eb3af6b71e35dfcf759dbe31637b35fa6b0bfdc8
DDD,all,drowsy,H0587.png,DDD/drowsy/H0587.png,c9e50ec2064a8e37f6c0939ef4fffcca683cae47c78ae96ae4c0be3c32fc7ebd
DDD,all,drowsy,I0515.png,DDD/drowsy/I0515.png,3ef3833354723c1beea74082a74478d387d9c66b9100c3dc7b0cd091cbe01357
DDD,all,drowsy,I1110.png,DDD/drowsy/I1110.png,ff779187d1d0b72ca1569a45e4481e1cffc88244f6fc49ab965650841a54bc8f
DDD,all,drowsy,K0012.png,DDD/drowsy/K0012.png,270052c5d8d656b05ff9a76c3f1db47a6a63afaab1ae76ad1b8c5f29d132ff82
DDD,all,drowsy,K0444.png,DDD/drowsy/K0444.png,14550ce7573fb49d80de4145b5d0a6303b672a50fba4155fc2af90b478c78154
DDD,all,drowsy,L0705.png,DDD/drowsy/L0705.png,bc0d00f6a892320c4e6aca3cb3c388a52e52f5600a14d9c520f7a4a24268ff7a
DDD,all,drowsy,L0771.png,DDD/drowsy/L0771.png,ff5ac7dfff3e0a1c8dbb05967a03d834dabd299c51047c08ee9f4533bc4d0749
DDD,all,drowsy,L0808.png,DDD/drowsy/L0808.png,f0c86527e6cb80f129e9a086e015ce0016bab30c4e402fbf47eaef01b0b4d4c5
DDD,all,drowsy,M0363.png,DDD/drowsy/M0363.png,ad9982db72e446ca0e90ea0799ab17b9f0488e93be1d42ec309ca2285e109907
DDD,all,drowsy,M0637.png,DDD/drowsy/M0637.png,81f3a56c3b97cbb93a2a64d71a516f4b7ded7058cedb2ab1b3d58fdab83919e7
DDD,all,drowsy,N0004.png,DDD/drowsy/N0004.png,a0172a6f7533fa63d812b8d4f9cd7fe7e9edebe2d03f8c5658492b3d38a2ec90
DDD,all,drowsy,N0861.png,DDD/drowsy/N0861.png,ab5a4e5aed57847ced56307366aa525d6e8ddffaa88073ad84def0b1a51b8f3b
DDD,all,drowsy,N1154.png,DDD/drowsy/N1154.png,d01408b4cec62b0ae66d0dd6752b44853e7c845098231884ba3173f270f37489
DDD,all,drowsy,Q0365.png,DDD/drowsy/Q0365.png,9b9f0b27063342fccd8145c8007ce2476470b79078f77e1a5955c4cb2d612236
DDD,all,drowsy,Q0405.png,DDD/drowsy/Q0405.png,52424d3f8d627979ffc407b47beb6e01e2a1c8361089aef19d0740e297deb2a5
DDD,all,drowsy,Q0503.png,DDD/drowsy/Q0503.png,9c9cf916f5060c9a9cbea3fe3ef80fddd6079948ae8737c4f5a12bb9c114c92f
DDD,all,drowsy,R0154.png,DDD/drowsy/R0154.png,4dc40a57bc63a595eda7935ca96859d65efba9b316e46455c96dc1df2eb90226
DDD,all,drowsy,S0390.png,DDD/drowsy/S0390.png,45786c5deb98e41eb7751ac02bb13d8d201160601e52b2890b2f7a405dc263ee
DDD,all,drowsy,T0076.png,DDD/drowsy/T0076.png,db583f5e42d5a9485412de282a8488e453921269b8951f62a2806759d3098ec8
DDD,all,drowsy,T0621.png,DDD/drowsy/T0621.png,995ebf71f2b6218d6788af9632254c85af40ff9e954d93c6d82ad4cc8e1715a6
DDD,all,drowsy,U0191.png,DDD/drowsy/U0191.png,7467bbb193b6f172e16e8a97339b3957b84360b04455e573ed7abda6610ea54f
DDD,all,drowsy,U0345.png,DDD/drowsy/U0345.png,5f3024b8d2013783367ed0ae45c5422bd465b4f116d2f1ce8abb430b94190896
DDD,all,drowsy,V0357.png,DDD/drowsy/V0357.png,5001bce8e44fa3936c63dab4ee19e4102e0b3aaede4aaa8a61ec256d7714d862
DDD,all,drowsy,V0507.png,DDD/drowsy/V0507.png,3deff229cbe10eb058832ddc6de3ec1c6c2781a8a183fedbedf0fad476930218
DDD,all,drowsy,W0707.png,DDD/drowsy/W0707.png,60379f9603885b77ae369e35b64f0be90f819abbdf548453117c6ccf5aa4ac2f
DDD,all,drowsy,W0947.png,DDD/drowsy/W0947.png,44f6788554cf2fc1409cfc5c30df7fc837db429550338cf78c54123067d569fd
DDD,all,drowsy,X0218.png,DDD/drowsy/X0218.png,8eb5d69333d371268ea5ec0c4467bdff508d8cdff857b0f12c6b246cc43ff206
DDD,all,drowsy,X0492.png,DDD/drowsy/X0492.png,de7bd199dc47b20bad6f318fbb1c001c54a8b330b65708d34397aaf7815b31e4
DDD,all,drowsy,X0912.png,DDD/drowsy/X0912.png,066c323c142f47af306604e492f4882bcc8153875318ac8de96c23464c1fff09
DDD,all,drowsy,X1069.png,DDD/drowsy/X1069.png,d0ac521bea96b37ed693fa8989bb350ce491ef4a2a4c339fbe8dc1c5b4e7e293
DDD,all,drowsy,X1212.png,DDD/drowsy/X1212.png,44e1caff85b075258bd99ba7b3e1124ffc9f98dd6df5b641b6ccedc358158353
DDD,all,drowsy,X1398.png,DDD/drowsy/X1398.png,b2b4be93497e5cd5f345c6969b1c00004e753508fa0ca72e738462f03498b60b
DDD,all,drowsy,Y1023.png,DDD/drowsy/Y1023.png,0dedb6710b8f6160efa343247958f4392be387c9b2f88f239e975ccf6c417f2e
DDD,all,drowsy,ZA0058.png,DDD/drowsy/ZA0058.png,e2aa6c5cfc564b322927afed9adbfa01c47147f5057dc338cf8eba42f0bccc1b
DDD,all,drowsy,ZA0942.png,DDD/drowsy/ZA0942.png,070da21771419a47f007ba75f4fe71487c77740bc9da9e930c28e4c5e305afc8
DDD,all,drowsy,ZB0190.png,DDD/drowsy/ZB0190.png,4732a00d632ab640700117a6786064e1c4b8c3b8bd5f8a622c7a374114a02712
DDD,all,drowsy,ZB0520.png,DDD/drowsy/ZB0520.png,74cd43a82b475364f1a190ed599a85b184a01f83420f511d4c29fb915e7b68e4
DDD,all,drowsy,ZB1041.png,DDD/drowsy/ZB1041.png,11abe9b5c70f60dc5f18aeb88c96fd9673db4f53d40b6773618518305ebd53eb
DDD,all,drowsy,ZC0783.png,DDD/drowsy/ZC0783.png,05fa5abaeaee54851fcf50a38c736c02d62d9714db71f215cbe39309622f2805
DDD,all,drowsy,ZC1112.png,DDD/drowsy/ZC1112.png,ec666da1a42e097a9a5211c2ae9b87f29a6b4595a8f906fb689623bf59079ed6
DDD,all,drowsy,ZC1238.png,DDD/drowsy/ZC1238.png,95afc384860351e50f8083d23e9bde1e4163621270448a06d8fd679b281993a3
DDD,all,non_drowsy,a0202.png,DDD/non_drowsy/a0202.png,b8f710252f9605194edf4efe08a233276ed3f9c3520a97739438b9127dc87667
DDD,all,non_drowsy,a0337.png,DDD/non_drowsy/a0337.png,c76b466ac957e0dd728e19e6e486effe7c93a68d21b70f04708cd564de0b15f0
DDD,all,non_drowsy,a0577.png,DDD/non_drowsy/a0577.png,3e05377739bf117c1d0c643d27f91c693568fa73a98669b77f079c004cc558af
DDD,all,non_drowsy,a0612.png,DDD/non_drowsy/a0612.png,650400ad01d7da3f2aa0a89ea7450596035daed2bcd30fc15777ab6a5f07cf56
DDD,all,non_drowsy,a0701.png,DDD/non_drowsy/a0701.png,8e4616fc223e3dd62b8d75a8ca04eb5c04dd983e1992ae4c481972b430fb1a3d
DDD,all,non_drowsy,a0818.png,DDD/non_drowsy/a0818.png,368276b678952f00c61b8b76585a010b9ec4fb4bc5c9f13a59010fdcce606843
DDD,all,non_drowsy,a0874.png,DDD/non_drowsy/a0874.png,e4d103b08a83fd7382647b51bb3cc866c290f1179a96ab9185823cf3080985c7
DDD,all,non_drowsy,c0406.png,DDD/non_drowsy/c0406.png,12f624b57c06ae2d643556f92eee2b3531487ba55c4d8ba098af5accf7026e27
DDD,all,non_drowsy,d0941.png,DDD/non_drowsy/d0941.png,a0d975544fb25d0008be87a02fcd3fa23b97955ba8f8461989cdece26e85d2e8
DDD,all,non_drowsy,e0324.png,DDD/non_drowsy/e0324.png,611bf3e810e3aa2f02f44fb924fa59f0a4ee2c406501fe28fcbffd88d35eff3e
DDD,all,non_drowsy,e0507.png,DDD/non_drowsy/e0507.png,8dc511bfb3a803d709c33d66f5f9f3b4d0f00523c8772616eba5b561b2c50b4c
DDD,all,non_drowsy,i0230.png,DDD/non_drowsy/i0230.png,6ffcd47cffc89d6a3e40e8964e5aec642b50b55c044c0029aa3a147278ed4403
DDD,all,non_drowsy,i0255.png,DDD/non_drowsy/i0255.png,b59b7c463dba8bbb30436ba350982330c6e5ad0f3065bbe98b767a1078b101cf
DDD,all,non_drowsy,i0812.png,DDD/non_drowsy/i0812.png,25a13d38aaaa683bebd0941fe1b0660710f3480f9cee748d729cd0b7b1f052eb
DDD,all,non_drowsy,j0058.png,DDD/non_drowsy/j0058.png,cc956bbe1b83700302bc86d20155673d93b5785ab1996397de8fefcd372b6254
DDD,all,non_drowsy,j0063.png,DDD/non_drowsy/j0063.png,70543fc2ee28e3ceb6c24a4856adad8b6bd0816495bfd83c9150753d21c556ff
DDD,all,non_drowsy,j0067.png,DDD/non_drowsy/j0067.png,b4f0017869c35d9afd835fb7325d316bdc6f4c04a2adfc56bfa6694c7755be49
DDD,all,non_drowsy,k0382.png,DDD/non_drowsy/k0382.png,9b0bbce977073f4855566fe3c29a9a0ddaa8f3c371cc5d28c903b68865e27ff3
DDD,all,non_drowsy,k0407.png,DDD/non_drowsy/k0407.png,19f3b4a957dd8737f8619427763317d58d6fcbc7792a88b66c8cdd0a6057b29b
DDD,all,non_drowsy,m0136.png,DDD/non_drowsy/m0136.png,81828305fcdf92d93a39ba64488699663451b20ba02388a687fa6b69d8af6aaa
DDD,all,non_drowsy,n0257.png,DDD/non_drowsy/n0257.png,8f8730ce1512e764f1cad3b7307de0d0ad324a163a49ecca11842b26b8558a37
DDD,all,non_drowsy,n0434.png,DDD/non_drowsy/n0434.png,60bccf745902deeb4b000467f8bb97385295d8e0fe685db753dee14e1b6e29fc
DDD,all,non_drowsy,n1076.png,DDD/non_drowsy/n1076.png,e37e3d3c879b910b6db10eb0d407f821d09e8f58d9b505501aa948e94914609a
DDD,all,non_drowsy,o0163.png,DDD/non_drowsy/o0163.png,fb6697ee8a355d3e330bcbe160da5f8f03d73985807d1a3a168140de527d421c
DDD,all,non_drowsy,o0315.png,DDD/non_drowsy/o0315.png,e72027c5e706f44f0c0de57921c710d5ad4eea369a1071cc50b1f59a1323a5d7
DDD,all,non_drowsy,o0628.png,DDD/non_drowsy/o0628.png,72b1db09e16b46219bbcfd7c7da7fd9d2bf067b1a9f2f84d88716d177d99f20d
DDD,all,non_drowsy,q0150.png,DDD/non_drowsy/q0150.png,8a617d2036a27b278d2c2a91490114851e844a332934d59725294dfb1485a8cc
DDD,all,non_drowsy,q0262.png,DDD/non_drowsy/q0262.png,673820d7bd865da91e7e9b8b2f6ca2a07164e22454fe52375cc8df279fed54b0
DDD,all,non_drowsy,r0496.png,DDD/non_drowsy/r0496.png,7b95975ad0c8cf497ec0683f519bbf4084c7e2e8285fb1323c8964203921604e
DDD,all,non_drowsy,s0218.png,DDD/non_drowsy/s0218.png,11ad3815b130de714bf035ec1ce44d46198fe851d3cf9ef0ca26b15b8406cb78
DDD,all,non_drowsy,s0253.png,DDD/non_drowsy/s0253.png,5f14b7d616d9e2d1d1df8f2ecd776d8c23e26564e42b21093a74935512c44ec0
DDD,all,non_drowsy,u0169.png,DDD/non_drowsy/u0169.png,5ea30611a6406c07595c041ee886c432c75106b1d8cd9ff068a36b1b4c00ef57
DDD,all,non_drowsy,w0059.png,DDD/non_drowsy/w0059.png,4a7d6e5a93856149d5148407cb1ee92b3a6de364dc8a751e9aef4f043f9aa422
DDD,all,non_drowsy,w0193.png,DDD/non_drowsy/w0193.png,fea9ce0546800d65be25fe306d8fef866b75af025a00cb630639c4cd1ec1d05a
DDD,all,non_drowsy,x0190.png,DDD/non_drowsy/x0190.png,a72c79741c51c501ff6f2a1dedd59d4ad4804da21256a9a74f85ac2918552fff
DDD,all,non_drowsy,x1067.png,DDD/non_drowsy/x1067.png,21dcc797d636d00f1e0fba4aaea9fdcee6c160b809e652c1294713ede0bdc926
DDD,all,non_drowsy,y0042.png,DDD/non_drowsy/y0042.png,2fada6c4daaae76f2ac97cf77b56cd9a7d4e9929728af8736ad8e3c447fb354b
DDD,all,non_drowsy,y0239.png,DDD/non_drowsy/y0239.png,d33b6724f1392faa762c3c7e0688daaea40c0171a283118bc495965a6e2ceb96
DDD,all,non_drowsy,y0540.png,DDD/non_drowsy/y0540.png,15bf2a634decd32859c4e8def4d3fb8ea68c05a0635ca3d47f7ca8b88f152d70
DDD,all,non_drowsy,y0899.png,DDD/non_drowsy/y0899.png,4b818f99f777734f4c0089f9b23abee99a23c60100eb9fc92cbfc90797c29e27
DDD,all,non_drowsy,za0025.png,DDD/non_drowsy/za0025.png,96caa3e125962c9eb560a359680b33cec9c686cae6d472d834a020a04eaf7441
DDD,all,non_drowsy,za0220.png,DDD/non_drowsy/za0220.png,69672fbda8978598fbb3e14f4b39dded0112a59c39f53255b219f4011cdb691b
DDD,all,non_drowsy,za0427.png,DDD/non_drowsy/za0427.png,8fd9bab010b721236ef93298e749c9de7d1f518e1e0df636f2e0f88d8fb23490
DDD,all,non_drowsy,za0508.png,DDD/non_drowsy/za0508.png,28ee261115dc63989e108289b23a1f0e55bcd9150aee4d43d57bf2fb25299a73
DDD,all,non_drowsy,za0766.png,DDD/non_drowsy/za0766.png,6407ae32e81f970a5d25969bcb6d23556b21297ffacde763e387580e46bb4eb8
DDD,all,non_drowsy,zb1034.png,DDD/non_drowsy/zb1034.png,d333ec1842cdbee9c28a5a30c0b3c3446cb58d24036f3d1c08ab6babe90885cf
DDD,all,non_drowsy,zc0631.png,DDD/non_drowsy/zc0631.png,b1d9d76e2eeaca845ba141ce11fb85b53d918dd4537f8271cfd5d4ffd9ebab06
DDD,all,non_drowsy,zc0809.png,DDD/non_drowsy/zc0809.png,ba1663188fa9fad18693ca5559e31f466557c23e1ec8e63d91a813cab21fd9f5
DDD,all,non_drowsy,zc1214.png,DDD/non_drowsy/zc1214.png,00a5ad6c0de78fbb87adfcdf750bcc056cbf6e254de9a750e54e2b7223fe211a
DDD,all,non_drowsy,zc1268.png,DDD/non_drowsy/zc1268.png,bc4b638e10a4ff02bfde2a2f418ab14fd817bf76bb7b2fcdfbcf2d5294c825bd
yawn_eye,train,yawn,1.jpg,yawn_eye/train/yawn/1.jpg,1d37e8aee74f87d9c2c3ab132abfd01b5d3689fbc88bbfe3c671cc2780aae0c5
yawn_eye,train,yawn,114.jpg,yawn_eye/train/yawn/114.jpg,329f4547fb4a123244a71227e5d127238dd9cb16ec90add74c208e0eefe7d646
yawn_eye,train,yawn,141.jpg,yawn_eye/train/yawn/141.jpg,523aad2ad0245a1ebcb02a4c061598f87eef962dae91e96c68012316efcc4bcd
yawn_eye,train,yawn,150.jpg,yawn_eye/train/yawn/150.jpg,05411d8a0837a9f24e153dc978e1909b5ae5e4ef7f73592946be98cc1817686c
yawn_eye,train,yawn,163.jpg,yawn_eye/train/yawn/163.jpg,25ebdec36b9a93c4f3428e0c48117046a9e2690b4601e7b762fac9d56c118a64
yawn_eye,train,yawn,165.jpg,yawn_eye/train/yawn/165.jpg,e49a507a39381c40df634c4af104be83c5e248e42448c73fe471724f6e5332b1
yawn_eye,train,yawn,180.jpg,yawn_eye/train/yawn/180.jpg,003d3f17a20fb8275c23eb53bcc631ea4ea7b3bd4f02708ecdf27b629e49d0ef
yawn_eye,train,yawn,181.jpg,yawn_eye/train/yawn/181.jpg,c1988eafe7683ad61451b03d0eebe4fa2cad194ca12ca1eb5984786b85208266
yawn_eye,train,yawn,194.jpg,yawn_eye/train/yawn/194.jpg,74073880d49d1f177b817731d408d8203f7d72d417ff7ef475162583f4e63502
yawn_eye,train,yawn,237.jpg,yawn_eye/train/yawn/237.jpg,ac58208c9b7be9fc74fdc49d1fdaffb2c3d362125a66b25cc7795c5935f3f760
yawn_eye,train,yawn,253.jpg,yawn_eye/train/yawn/253.jpg,4d129fb115e6acae525b097c4409426d8757df9f3c828b26df827921349c001f
yawn_eye,train,yawn,26.jpg,yawn_eye/train/yawn/26.jpg,61e74e199feb03c3bca3c5ffbdaff1b1997f922c255f6f5d7eb1a40c778561c6
yawn_eye,train,yawn,265.jpg,yawn_eye/train/yawn/265.jpg,eb2f3efb863137f8df986f875ffc0217b6532c56525132b5e95e2ba60d1a6023
yawn_eye,train,yawn,275.jpg,yawn_eye/train/yawn/275.jpg,e8da1b54a96afe05ad5f70d3d3a319bd71ceae5031563173e4465dc8c554e6de
yawn_eye,train,yawn,284.jpg,yawn_eye/train/yawn/284.jpg,c9680a69f9470ba9faa1368f3eda32cec1deffdba2b4805bc088585ec2bf6635
yawn_eye,train,yawn,297.jpg,yawn_eye/train/yawn/297.jpg,6436defc302ef3510eb2d3c0f266bca04c6ce3bebabfa2cb140c7e1fb35d23c8
yawn_eye,train,yawn,310.jpg,yawn_eye/train/yawn/310.jpg,5cdc58cea6ac9f89e865fd7409b417f0885c28a13b0da2b8d5419a4e5f04cffc
yawn_eye,train,yawn,312.jpg,yawn_eye/train/yawn/312.jpg,16f15567f0946960fea2e5ecd210639ffd9c8930d12d86fe4dab5b5b22c698c6
yawn_eye,train,yawn,314.jpg,yawn_eye/train/yawn/314.jpg,e98bdade1bc95bd2604b9dcd8c8b4d8f1348c132972b0081c073e80ca7958ba7
yawn_eye,train,yawn,334.jpg,yawn_eye/train/yawn/334.jpg,6175071e77fd25cd1157791f4aa3eb1fb20239f13b7b659fab73282c5bca1c7a
yawn_eye,train,yawn,337.jpg,yawn_eye/train/yawn/337.jpg,6dc9c0bea532ca59c974a35b1d110e99a94855357f26c7edea9c4f85bf78768d
yawn_eye,train,yawn,339.jpg,yawn_eye/train/yawn/339.jpg,05b65efd0c884da367f8fb7c9d77223cffd764457007c1c3c5c8c015092f2b87
yawn_eye,train,yawn,340.jpg,yawn_eye/train/yawn/340.jpg,f30409ea66673169aa14a0c247026b46f81dc42d9de06f24b9acfd228ab613ec
yawn_eye,train,yawn,35.jpg,yawn_eye/train/yawn/35.jpg,530fad3dd634dfe72507b17e65c206bb0e50931680da66dc8ad7006b04439043
yawn_eye,train,yawn,353.jpg,yawn_eye/train/yawn/353.jpg,ac76380a225bbdb30c8550bc3596931c50291891125964ca4af3c9db184833e5
yawn_eye,train,yawn,380.jpg,yawn_eye/train/yawn/380.jpg,7f5bff639b3bffd584cc2f9dd004dc06bec3bc8538643a78e4ef8d6ad7fb66b3
yawn_eye,train,yawn,390.jpg,yawn_eye/train/yawn/390.jpg,dcb6d22a52c973184c6d52d979ad030da0d11d0b841961d8ac6b1cbcac62ed84
yawn_eye,train,yawn,394.jpg,yawn_eye/train/yawn/394.jpg,b781bed1335c08a9d88076d8dbb74e90fa320d685282efa0da4af7f3744f9786
yawn_eye,train,yawn,4.jpg,yawn_eye/train/yawn/4.jpg,02c098240956809e6d82d538f1a91f95346e4d8a858058c2d5331fc496e770b4
yawn_eye,train,yawn,415.jpg,yawn_eye/train/yawn/415.jpg,8faadf7f6d6d066b173a910b8fc4bf5044a0aa315e49efc0eb394c181006cf4f
yawn_eye,train,yawn,434.jpg,yawn_eye/train/yawn/434.jpg,79bc55aa68563bfb60c9e3390bad4057df3caf767a9b82e2c685ef176998b152
yawn_eye,train,yawn,448.jpg,yawn_eye/train/yawn/448.jpg,4d06dc5279d58db1cad8d919efec73424c91d59534eb07fc5e75a4804e1666a5
yawn_eye,train,yawn,470.jpg,yawn_eye/train/yawn/470.jpg,74d30b611ecc9fbe9e2c640cb36b60d2324cb3f87ad017413748a0a76efa36e7
yawn_eye,train,yawn,476.jpg,yawn_eye/train/yawn/476.jpg,31bcc13a61a4b3ca0dc62cb0b7bdaa724e450978970331f5fad4c39cd6b76761
yawn_eye,train,yawn,489.jpg,yawn_eye/train/yawn/489.jpg,049a06030b4e8715e9241412207a316dbd21eedbf7875c022c51e7000c1c622d
yawn_eye,train,yawn,495.jpg,yawn_eye/train/yawn/495.jpg,5455f4f02aae6975c67c6fdcec19b69754628bc4cf419416e03bd59f664fa19a
yawn_eye,train,yawn,510.jpg,yawn_eye/train/yawn/510.jpg,c761eb0ca3fc4b7fcf84e5a3b1283b97dd4408acec238908f58289f0b3ca43e5
yawn_eye,train,yawn,516.jpg,yawn_eye/train/yawn/516.jpg,c455e503aeebb6202587ecef0c9c903de45c3cc4e6dedebeea6ee3bb7e837f08
yawn_eye,train,yawn,549.jpg,yawn_eye/train/yawn/549.jpg,a142779c814c01f055263565c587dbe98d4954a20586f40d368d413d164a196d
yawn_eye,train,yawn,57.jpg,yawn_eye/train/yawn/57.jpg,4c1a4b24df3b786b65b0b2086e5ade4e42bb99e758f0d835cf61150e60759ee5
yawn_eye,train,yawn,576.jpg,yawn_eye/train/yawn/576.jpg,65ccbb3a9ebe37c80db2ca3a7b93d3872dab6d20e208573a2751527b58a40475
yawn_eye,train,yawn,582.jpg,yawn_eye/train/yawn/582.jpg,9efe87ca27b5fe36d3980b79c2c2d8d957ce8421da021b81cd9626943d7b10f9
yawn_eye,train,yawn,591.jpg,yawn_eye/train/yawn/591.jpg,4f66f112a3ded7cd394e40ec379fcc21dd5c1fa4fecd082f1de8092f68f1a833
yawn_eye,train,yawn,634.jpg,yawn_eye/train/yawn/634.jpg,bb9460f3fe1eec03b66d8a90c7994f3ea1b541c29fd5fce1ca6794139ca1ebfa
yawn_eye,train,yawn,659.jpg,yawn_eye/train/yawn/659.jpg,b02de7fcbd6d61c3c84bea471d69a705222eb903ae9fa685e6318899826e0050
yawn_eye,train,yawn,666.jpg,yawn_eye/train/yawn/666.jpg,875b9927893aaec109ed6fa31d181e238198f106aab54dc20eecda8fa329f0e9
yawn_eye,train,yawn,694.jpg,yawn_eye/train/yawn/694.jpg,8548a187cdfefc77b27a3873592ee404d4e8e1bffdd2c2bf5126ff43fb47d980
yawn_eye,train,yawn,717.jpg,yawn_eye/train/yawn/717.jpg,df2f53edfc6f816db7f1f8e3c797bb212a2175c2daa2494c237b573af44e1f8b
yawn_eye,train,yawn,724.jpg,yawn_eye/train/yawn/724.jpg,9d2273836501ca59d0f505705a6a223794080c0ebed6be61904d9c714fc6919a
yawn_eye,train,yawn,80.jpg,yawn_eye/train/yawn/80.jpg,c30e02fc0f1e171a9e8edda639a2ec688e724a43f86c4f890ff7cb046adc35df
yawn_eye,train,no_yawn,1031.jpg,yawn_eye/train/no_yawn/1031.jpg,655524134d8b35041ae84df5b2ac20dcfa76daa367485ac10efcc27759b91c47
yawn_eye,train,no_yawn,1034.jpg,yawn_eye/train/no_yawn/1034.jpg,be68137a2248f404898666c91ec008eb530067342763df378f1947703f98dbda
yawn_eye,train,no_yawn,1038.jpg,yawn_eye/train/no_yawn/1038.jpg,7d7455d17eb857bf8efc0959a1b41a2d0da51a83f10b358cb2ea395f98b837b3
yawn_eye,train,no_yawn,1039.jpg,yawn_eye/train/no_yawn/1039.jpg,befa6150825eeb2987baf5150ce08160ef9837249205d9f2ab793371aab00e56
yawn_eye,train,no_yawn,1068.jpg,yawn_eye/train/no_yawn/1068.jpg,4fffe98f52c118c97d310f81d6d078cc7126212508165f47ed6d53a827101aba
yawn_eye,train,no_yawn,1073.jpg,yawn_eye/train/no_yawn/1073.jpg,cb59988ae3f00916c6e9ceea5d7ab912058fe9d5dd377a6e6dcae1fb3c97e7af
yawn_eye,train,no_yawn,1074.jpg,yawn_eye/train/no_yawn/1074.jpg,96c2efa9026dabae86e5616c4c17fd197067d8a84c442dda6110da2d9932b54d
yawn_eye,train,no_yawn,117.jpg,yawn_eye/train/no_yawn/117.jpg,5fde6cba8c5f7babe6d1a45633434ff3d14d3ecd37356db599a6114fdc89eeeb
yawn_eye,train,no_yawn,1209.jpg,yawn_eye/train/no_yawn/1209.jpg,a43c0e60a65f8b8ea4e9e57234838b4aa7e7b4e8dd1cfaf93e1c65a392533671
yawn_eye,train,no_yawn,1247.jpg,yawn_eye/train/no_yawn/1247.jpg,69d5c55c4de13842bdc3339356fdb3339d4c5a98c8c2623264bc421c3b80e295
yawn_eye,train,no_yawn,1269.jpg,yawn_eye/train/no_yawn/1269.jpg,515e0b53d404689bbfefdb9a5decb57293ab1b45b17455a6afe0cb170e6a917a
yawn_eye,train,no_yawn,1318.jpg,yawn_eye/train/no_yawn/1318.jpg,8c15fcd8a5537ec3fc1abeefabcdff3ebf09e43c5ae9f5701061b453f14c0ce0
yawn_eye,train,no_yawn,1324.jpg,yawn_eye/train/no_yawn/1324.jpg,5b79a989b1ec204dcdcbd4de4bcedaa0c48fc6cf327f9ca218863bbf0e16b7d8
yawn_eye,train,no_yawn,1497.jpg,yawn_eye/train/no_yawn/1497.jpg,f6534d044b9df10b0e43d77181b14af087ee55f920ea6fc04637a62929e2594f
yawn_eye,train,no_yawn,1766.jpg,yawn_eye/train/no_yawn/1766.jpg,4a2991dd6bc9d9aa3438f1098202f2a70f95e9a41b7e87d0046c21b7a73065ad
yawn_eye,train,no_yawn,1778.jpg,yawn_eye/train/no_yawn/1778.jpg,e150171cc7881fa9af9d110300975b827b5ad0dc7427627b125710d8b4b27ca7
yawn_eye,train,no_yawn,1867.jpg,yawn_eye/train/no_yawn/1867.jpg,62234253254836fa86abe3579ac3ed70f24fe51c8cf2a48026c15eec600f8919
yawn_eye,train,no_yawn,1870.jpg,yawn_eye/train/no_yawn/1870.jpg,7c71cb7611e327dfe38224f4b6444be0151046101ee457970e35c0c6b4a16e6a
yawn_eye,train,no_yawn,1893.jpg,yawn_eye/train/no_yawn/1893.jpg,176a44f48ce9580e98eee7883d7398d15404be106ff29382436aef40444a865f
yawn_eye,train,no_yawn,1934.jpg,yawn_eye/train/no_yawn/1934.jpg,dea155c427cfc50d1f8206385a0aa19f944af1ac22e79cc1825135447eb03651
yawn_eye,train,no_yawn,2136.jpg,yawn_eye/train/no_yawn/2136.jpg,33300d2760eeb4d55f0be375ec7296489cbcb4bc1c0793b40a721ff0d856101f
yawn_eye,train,no_yawn,2152.jpg,yawn_eye/train/no_yawn/2152.jpg,b3b5d2bc2e5eeae7ba18f321a51ab3b263513f2df614a82ecb88e5fe25973ef3
yawn_eye,train,no_yawn,218.jpg,yawn_eye/train/no_yawn/218.jpg,b018d77b3e347ed4a31a4cefbb9329e1f1363ad8bc3e4e563a763a2903853105
yawn_eye,train,no_yawn,2247.jpg,yawn_eye/train/no_yawn/2247.jpg,bc7f822c036333268c40934f4bab043375afd7b28bce55e141805acd4102fd6c
yawn_eye,train,no_yawn,2250.jpg,yawn_eye/train/no_yawn/2250.jpg,ba60f9fc2b894ce8b41200247c60f0789087e001bf01c460ce7908e034e8ea4d
yawn_eye,train,no_yawn,2251.jpg,yawn_eye/train/no_yawn/2251.jpg,3bc797f8b6b19575949839a3334e69e722d8fe9237305b4876d1b12a87506029
yawn_eye,train,no_yawn,2256.jpg,yawn_eye/train/no_yawn/2256.jpg,bd12795917d92b1e9845fc2c20eff8486302b22cb30406def85ecc8d0634fa61
yawn_eye,train,no_yawn,2298.jpg,yawn_eye/train/no_yawn/2298.jpg,3ed3fe367ee3d470ec75b31b6ce10c796b4fddc5830abd74135003bb3cf06ad9
yawn_eye,train,no_yawn,2299.jpg,yawn_eye/train/no_yawn/2299.jpg,76da12514a09f3c5bcb3525462918605c9813455e3508721272ffc4597e0acd8
yawn_eye,train,no_yawn,2312.jpg,yawn_eye/train/no_yawn/2312.jpg,0125afa94250a70e4170c007fe40707f582409d515b1c3f4e0bafc3512ab500a
yawn_eye,train,no_yawn,2344.jpg,yawn_eye/train/no_yawn/2344.jpg,ec5d92eb201c9f483758db18b43ebaf27ef7df9d2700431af1bed00736cdb473
yawn_eye,train,no_yawn,2400.jpg,yawn_eye/train/no_yawn/2400.jpg,4afa06a97af055fada4ae0678e760baecf687e51675e94da189060303fbbcc82
yawn_eye,train,no_yawn,2407.jpg,yawn_eye/train/no_yawn/2407.jpg,92a3328c8175c1f13a5c5ef3430eb8191973a217dd20feb1717f10bc0c71a710
yawn_eye,train,no_yawn,2463.jpg,yawn_eye/train/no_yawn/2463.jpg,fb08164be5390e9167b10e68657152044256d10884c4a7ec1f6617f6db120b37
yawn_eye,train,no_yawn,2467.jpg,yawn_eye/train/no_yawn/2467.jpg,d136630aa4d65157db0f9c27dd93d49bb4e1dbf3e1f02669de44aa6012c27068
yawn_eye,train,no_yawn,332.jpg,yawn_eye/train/no_yawn/332.jpg,0dfc73b4c17769a7d0d5c324557df7ce1fb5dfc1812424dd140fef23bf7e1683
yawn_eye,train,no_yawn,411.jpg,yawn_eye/train/no_yawn/411.jpg,9dc8abc212b09d306d6cfe13185ae6cd243e86b78056478f79a1ccde232d3c65
yawn_eye,train,no_yawn,436.jpg,yawn_eye/train/no_yawn/436.jpg,2c3e431a8a190cf34957170304e05bb27bb394c03f0c069413796ac23b134018
yawn_eye,train,no_yawn,443.jpg,yawn_eye/train/no_yawn/443.jpg,150c8889f16bdc07a2fdf54fa09744ee3dfdfef2b82a0b30cb4d391fc4ee86e0
yawn_eye,train,no_yawn,449.jpg,yawn_eye/train/no_yawn/449.jpg,36f2a96c234e52189d50a0c543efedec7db8de608dbe07ad352388f70ae0f459
yawn_eye,train,no_yawn,483.jpg,yawn_eye/train/no_yawn/483.jpg,e4bb4ed83169e7c0fc5f4ab43bc49062e8194f5a14427848a3da1a63bfbcf6c2
yawn_eye,train,no_yawn,557.jpg,yawn_eye/train/no_yawn/557.jpg,ddaaee542f5728f836c8783cd8292e7dab116dd630d3fa350f13bac9fdb897c8
yawn_eye,train,no_yawn,638.jpg,yawn_eye/train/no_yawn/638.jpg,d74c711f17028199fd131d29e441133c5db02400e3ab3ffd8282e872398ee1cc
yawn_eye,train,no_yawn,652.jpg,yawn_eye/train/no_yawn/652.jpg,3c72d5ffdc23e3909fab642479f67025516f17ac3f904e4025bed9cd8bda5d79
yawn_eye,train,no_yawn,725.jpg,yawn_eye/train/no_yawn/725.jpg,b25fe5f647b630bf0ed95838214584803ec1f28d391c8b6d111e4189a5df19a7
yawn_eye,train,no_yawn,9.jpg,yawn_eye/train/no_yawn/9.jpg,34439788983b90d3697b1309c9d6f99066f204a6a56228c4473ef79dc6675446
yawn_eye,train,no_yawn,94.jpg,yawn_eye/train/no_yawn/94.jpg,369ba459d3c566a8cdae5121b2e1494ff90b63d0875f6c86102678c58d64cbe3
yawn_eye,train,no_yawn,957.jpg,yawn_eye/train/no_yawn/957.jpg,c59cca2320aa1956dd2450b6d0e901feebf186f43f0aaa071e89ec631d1a2fa5
yawn_eye,train,no_yawn,991.jpg,yawn_eye/train/no_yawn/991.jpg,8dba599e0747f03d49c3fb256d991984029b355114560b76580d0d96d2f93e1e
yawn_eye,train,no_yawn,994.jpg,yawn_eye/train/no_yawn/994.jpg,840867e1d94e202160355488c958e8aa180823a31b0b18597592236baf2cc703
yawn_eye,test,yawn,102.jpg,yawn_eye/test/yawn/102.jpg,477cbe0c1757e99174e84b2b1e49f00af4503bb3eb527bfc3266f3f0b9c53c1e
yawn_eye,test,yawn,111.jpg,yawn_eye/test/yawn/111.jpg,9a8138699d89ba3fbd64087f662f42584b219295fcd0da1b56d72d1eaef766ac
yawn_eye,test,yawn,116.jpg,yawn_eye/test/yawn/116.jpg,ccb769157b8b5966f6c801496b01450962a913866dee634838b05b84a8979a38
yawn_eye,test,yawn,122.jpg,yawn_eye/test/yawn/122.jpg,bb19568c9302d8c4ef8dc78c308f78bb1080aa892b6dddd7b7f2139011e95968
yawn_eye,test,yawn,127.jpg,yawn_eye/test/yawn/127.jpg,96e764fcd3bbd5d7e9f1a8cc074f634c2b17b364e675d52e6398d45eef51b8f6
yawn_eye,test,yawn,131.jpg,yawn_eye/test/yawn/131.jpg,d4e56617f035de65fe2fcb7cecc6cf25d6445ec61d302ab62f5a24c0402fd8d8
yawn_eye,test,yawn,134.jpg,yawn_eye/test/yawn/134.jpg,996c648a22da8ed3a1ac3bfdc81556f2cfda58dadf4175b5ac4dc53becf16ed8
yawn_eye,test,yawn,14.jpg,yawn_eye/test/yawn/14.jpg,ae4e54820dbc8c2caf87ed65d67a44ee9261db847dc90b1c331bd33526c62775
yawn_eye,test,yawn,160.jpg,yawn_eye/test/yawn/160.jpg,7d62885b62d7f19d9afb05f91d716aa92f18559978a471afa030a85c647bff00
yawn_eye,test,yawn,168.jpg,yawn_eye/test/yawn/168.jpg,646bd2412a91ef262eb3fa54ee80f899cd47ffef4531cf1ac1b67791799459f9
yawn_eye,test,yawn,169.jpg,yawn_eye/test/yawn/169.jpg,2dc832b93b8bb24e3a1e7fb2fd017b88a98cc23461e238a2f1988d76b0ef07fc
yawn_eye,test,yawn,188.jpg,yawn_eye/test/yawn/188.jpg,6e76e48485668a2a2c2dc2b15df93d44ffd54e1fb66bd870bb96909b4558cda7
yawn_eye,test,yawn,205.jpg,yawn_eye/test/yawn/205.jpg,d43787d66f075e86737ee40ee8737b6f0dde99a26955755c0bbe88eb21203933
yawn_eye,test,yawn,233.jpg,yawn_eye/test/yawn/233.jpg,eb16bfe049cac8889a9569b1f933b6c71542702da96c823d802b0a84fad0cabd
yawn_eye,test,yawn,235.jpg,yawn_eye/test/yawn/235.jpg,39db1bcdfedf1bcefc7ff3b87873f81b05bd7c345e03dcfae8aa9f66de2d581b
yawn_eye,test,yawn,239.jpg,yawn_eye/test/yawn/239.jpg,3cd29b45d6da77c61fb05faf30b5d6be736792a8be91c14f3d11f0e5853bed10
yawn_eye,test,yawn,248.jpg,yawn_eye/test/yawn/248.jpg,803c1954495b2fab1792333e9f3b73abad434ac930a318211af1e6a03a4a6d38
yawn_eye,test,yawn,249.jpg,yawn_eye/test/yawn/249.jpg,5bf3c012d2ae81dc41daf27c7c118ca550661b31eeb021bafb6e0a037a2f2e7b
yawn_eye,test,yawn,259.jpg,yawn_eye/test/yawn/259.jpg,b39d0be5666db3031d668f57d4d9c6a288b20d9d499369b939008af441fba9a5
yawn_eye,test,yawn,286.jpg,yawn_eye/test/yawn/286.jpg,c669390113f15f25ab06fca92f98c12dd36d206d864f0b568a8187ab61281a1b
yawn_eye,test,yawn,322.jpg,yawn_eye/test/yawn/322.jpg,d8476f11996089a37225fad636473a6fb0de42dc02d8017caa531bac5299c225
yawn_eye,test,yawn,331.jpg,yawn_eye/test/yawn/331.jpg,6e2f1fe06d3d3895c0d8d9f6dd4f9e8ab3e9fdce94e8b909679a4412a952a462
yawn_eye,test,yawn,336.jpg,yawn_eye/test/yawn/336.jpg,1a070f477b5594a8dc23dc1e31b8dd257b8088a023835e35578ee480f7e345c5
yawn_eye,test,yawn,357.jpg,yawn_eye/test/yawn/357.jpg,5e1ce5253681fdab91e12c4e4629e65ec73d0d88d18c6b0500c3d8cbb11511de
yawn_eye,test,yawn,366.jpg,yawn_eye/test/yawn/366.jpg,438589255d46ac9c234e90b535281969f44e426dad106e3876d0fb54b8c5887d
yawn_eye,test,yawn,379.jpg,yawn_eye/test/yawn/379.jpg,9271d0ef3ac15290f22bccfe9c06d0596eb2ef08ee03a9ae0178e0a5ea34f7a9
yawn_eye,test,yawn,381.jpg,yawn_eye/test/yawn/381.jpg,459c3bdf8f1eb6ff750faecd2dee837abdaf42e41e0bba3d810358ce06385230
yawn_eye,test,yawn,385.jpg,yawn_eye/test/yawn/385.jpg,8758170289e97bb349db9867affd8d959b0c929cd9ed3f2129d543f3e8e42d08
yawn_eye,test,yawn,409.jpg,yawn_eye/test/yawn/409.jpg,321ef9df6c5370f4302d334b3b7c5b27e9636ba9d820c23cffa9197c0a593860
yawn_eye,test,yawn,451.jpg,yawn_eye/test/yawn/451.jpg,9b9b77b8a7ee4ed4ba05f7a65dface238141200d1c5fb284dabc7ff4004a192c
yawn_eye,test,yawn,466.jpg,yawn_eye/test/yawn/466.jpg,fdbcfc933e0f5d877631d4e11981748e3390ec64d9b912d1c21f93a00a2943c8
yawn_eye,test,yawn,49.jpg,yawn_eye/test/yawn/49.jpg,f79c174952fda9a89a18ee87ea2786e6168e2566c037b4dde32222b4b26aeb87
yawn_eye,test,yawn,513.jpg,yawn_eye/test/yawn/513.jpg,cc22c5d2a920b37709ce01179920ac563d7389b08cd40bef87348022a55743eb
yawn_eye,test,yawn,526.jpg,yawn_eye/test/yawn/526.jpg,d3d9cd86835c9aca33f10bacfcdfc0bbd29e7a351ec4870f0f10afcd87446e7e
yawn_eye,test,yawn,547.jpg,yawn_eye/test/yawn/547.jpg,77ddece4bae9e8dfd57842617269ea49c3281c442e7490cb34f6176b93ad0ddd
yawn_eye,test,yawn,551.jpg,yawn_eye/test/yawn/551.jpg,770d16bad091374084695a99b275bad0099b586f41052f1b0178b2219da46dd8
yawn_eye,test,yawn,564.jpg,yawn_eye/test/yawn/564.jpg,9cc91dac7f6f8f3e167afe9a7f9d03928ebb23daa761a6e28ce3cdcc6a86a17d
yawn_eye,test,yawn,606.jpg,yawn_eye/test/yawn/606.jpg,d1668ee0199df1b58e372d15dff80110796c43e549535374e72cce5836080239
yawn_eye,test,yawn,63.jpg,yawn_eye/test/yawn/63.jpg,a45d2e071487ae2cc23a9a400a271f865e91aba94eff5267ebeda4f36a130b4c
yawn_eye,test,yawn,632.jpg,yawn_eye/test/yawn/632.jpg,078fb582b0bf0b2ea93d5a1a9292cadd9015eaf54c77969153824c01b89bc845
yawn_eye,test,yawn,662.jpg,yawn_eye/test/yawn/662.jpg,7ef0ede828586a5a205e53c8dfa443f01c882e4cda93503480f65d265ac203cd
yawn_eye,test,yawn,676.jpg,yawn_eye/test/yawn/676.jpg,6e7f04ba07e67d6a4b21e97b99db80401579c1e84bc63ea67ab9f819a5b16adb
yawn_eye,test,yawn,707.jpg,yawn_eye/test/yawn/707.jpg,03da823632eb10726ddc389e20f0108aa831b249e6d20549a12625a3306761e4
yawn_eye,test,yawn,709.jpg,yawn_eye/test/yawn/709.jpg,311c80ec1d9526c40c92c31eb466203b9add04c3c62237cd60041d7747000c02
yawn_eye,test,yawn,711.jpg,yawn_eye/test/yawn/711.jpg,d72aa68507df0bbc5643b3412b0846d12bd3680a51943eb562d500ea928651c5
yawn_eye,test,yawn,715.jpg,yawn_eye/test/yawn/715.jpg,366b45f9e5f3c1d7d5c798078edcda6454411c56ef64ba86e5a8e03b61634b5c
yawn_eye,test,yawn,719.jpg,yawn_eye/test/yawn/719.jpg,69c08a0f2c0b538facdc60c27daca1b474fbe78198413cec8706f5326cec66c6
yawn_eye,test,yawn,81.jpg,yawn_eye/test/yawn/81.jpg,277084451ff11a439ff28f3539c4e64c9d9969d706d4b9f705fef503e53cc75a
yawn_eye,test,yawn,84.jpg,yawn_eye/test/yawn/84.jpg,5ae4e08f1db8b045766f5852838fde83b0d3b9fc20f5aff7ef98bd5eca91eb3e
yawn_eye,test,yawn,86.jpg,yawn_eye/test/yawn/86.jpg,caee4c5ab5403854d76086d3a4a1cc743c48eef0b60e2a31d10a5f31c30cc163
yawn_eye,test,no_yawn,1007.jpg,yawn_eye/test/no_yawn/1007.jpg,269264ac34f123888424ed6bf66ffe2528ea7e5711bd2ee148e1bde344c1c88e
yawn_eye,test,no_yawn,1067.jpg,yawn_eye/test/no_yawn/1067.jpg,55047fed381d1225567646ae83d2c3875b2575a7b6f11eb921a22256b98a35f6
yawn_eye,test,no_yawn,1096.jpg,yawn_eye/test/no_yawn/1096.jpg,355fce05512d245a5809a2ec6372dc7c1facbb37797fa2481deca489546c2328
yawn_eye,test,no_yawn,1118.jpg,yawn_eye/test/no_yawn/1118.jpg,d93468917fc1564c122dbe9b3380b23f95067badb400ae05a5231b119d21b4f9
yawn_eye,test,no_yawn,113.jpg,yawn_eye/test/no_yawn/113.jpg,b08983ffc430b72ca3e13e1d5bb1324df52df509fcb777c22e4b6387ac0ccbca
yawn_eye,test,no_yawn,1268.jpg,yawn_eye/test/no_yawn/1268.jpg,fed635ee3c1f1bd232061c6e879b33720f8c667fdf1f643ebc115d47dbe61f1d
yawn_eye,test,no_yawn,1323.jpg,yawn_eye/test/no_yawn/1323.jpg,237e29a11aa8c64149ecc23516a6d4c49d9b178b9c1086041487d2108f90dd06
yawn_eye,test,no_yawn,1486.jpg,yawn_eye/test/no_yawn/1486.jpg,6317966da7a75961d7cc74f164e9ca9bbd28db9623995a443ea525d11b875bda
yawn_eye,test,no_yawn,1543.jpg,yawn_eye/test/no_yawn/1543.jpg,71647978543eca3556a27480b578cd5bd0cf6997a189d1065fb7c48aaba42653
yawn_eye,test,no_yawn,1544.jpg,yawn_eye/test/no_yawn/1544.jpg,758aa1023b94c689a7a4fbec52126a13c9244d18ef4720211a48e99671abd538
yawn_eye,test,no_yawn,1570.jpg,yawn_eye/test/no_yawn/1570.jpg,92342d1af5fbd710c2bff06e87f45d5681cb9330f97a06f50a9fe681ae2c7b9e
yawn_eye,test,no_yawn,1596.jpg,yawn_eye/test/no_yawn/1596.jpg,af6064c76fa010e41b01b28d7a1f3f07b64cb5c2ef6dc7163e970887cec96313
yawn_eye,test,no_yawn,1641.jpg,yawn_eye/test/no_yawn/1641.jpg,8358dd283463b0eb128972a10931b5c724f956380f2642fe496dfa7cb66d07fe
yawn_eye,test,no_yawn,1643.jpg,yawn_eye/test/no_yawn/1643.jpg,469489d709472d9499e7a05f72780965e9585184c29be3c1257315c6db70a9ac
yawn_eye,test,no_yawn,1898.jpg,yawn_eye/test/no_yawn/1898.jpg,0c8abed5085805f91298caf0901a2f5d385737e2fe4a22d126ad9daf8b0ef565
yawn_eye,test,no_yawn,1913.jpg,yawn_eye/test/no_yawn/1913.jpg,a0e768fc00bbd442f98afe610f519b8de5bcba978c59aded852023808a4e00a5
yawn_eye,test,no_yawn,1946.jpg,yawn_eye/test/no_yawn/1946.jpg,893baef1727984b8925dac9e15685a0ca0a89f478254fd821647bae7ed786069
yawn_eye,test,no_yawn,1947.jpg,yawn_eye/test/no_yawn/1947.jpg,eccaa97c73a91511c3484c8f1b251b3485b0ab7ceffce2c310c383129e2ee32c
yawn_eye,test,no_yawn,1950.jpg,yawn_eye/test/no_yawn/1950.jpg,f3a115c6f000b4a91d9b849ef2d4fa77e00c04630164dca2ee917edd7ac42e70
yawn_eye,test,no_yawn,2016.jpg,yawn_eye/test/no_yawn/2016.jpg,dcbb82b2af7a043ba9c1f679f6ba281b240b5f1ac5f2b75dc350648eaae0f0b0
yawn_eye,test,no_yawn,2090.jpg,yawn_eye/test/no_yawn/2090.jpg,89e2654be3e0bfdc1af23948475574ef3c057407a9961de1d4bfa10149bdef14
yawn_eye,test,no_yawn,2107.jpg,yawn_eye/test/no_yawn/2107.jpg,44b11625af9a233629b6c6bc7fd07bea7da375fafd41648b9b0f73661f3afeb4
yawn_eye,test,no_yawn,211.jpg,yawn_eye/test/no_yawn/211.jpg,7c680ccfaf731752028a8cfe220e0d387818763e85fa45304c121501315427aa
yawn_eye,test,no_yawn,2110.jpg,yawn_eye/test/no_yawn/2110.jpg,5a1488710a9f46a0c10b0d300282c81c041baa5b5f3c102324edc7763827bf7d
yawn_eye,test,no_yawn,2289.jpg,yawn_eye/test/no_yawn/2289.jpg,03ce7d490901af477bb694566222e944a8d46c77c62b9aa22ce722cc232ec51b
yawn_eye,test,no_yawn,233.jpg,yawn_eye/test/no_yawn/233.jpg,bd9041947c21a35c8e0d30be37ee34c069c2d4f728778ab026995de0b4fc9829
yawn_eye,test,no_yawn,2346.jpg,yawn_eye/test/no_yawn/2346.jpg,b6c58521743301b4dec96cdd3e3f32a133f9a6790ed162e1f49330c37db535fb
yawn_eye,test,no_yawn,2354.jpg,yawn_eye/test/no_yawn/2354.jpg,a420eb759eb7f42285bc9b160dba516e584073a635e54e1a3753020c6ccf5792
yawn_eye,test,no_yawn,2406.jpg,yawn_eye/test/no_yawn/2406.jpg,eba5c56378ee1f5f6fac6da8039ece475c9ff57a347c9a06a85c234c7e8d1606
yawn_eye,test,no_yawn,2408.jpg,yawn_eye/test/no_yawn/2408.jpg,8ac947ede0b54be44a9bea9871b05ebfb37a291c680d86a33939f17183e477d8
yawn_eye,test,no_yawn,2431.jpg,yawn_eye/test/no_yawn/2431.jpg,717aa493ab58756d93a796fd65fa2510a362b5fb732c1cd682733a5cf809245a
yawn_eye,test,no_yawn,2541.jpg,yawn_eye/test/no_yawn/2541.jpg,ae6e94ba2e55577db826ca1d2a3bea12def32421cbcb1e477edfe80acd89e1fe
yawn_eye,test,no_yawn,2590.jpg,yawn_eye/test/no_yawn/2590.jpg,e0e6f3bda494d9ed7491f08924e308d4462fdd142a1b7c6e13a07cd19c5b6edf
yawn_eye,test,no_yawn,2621.jpg,yawn_eye/test/no_yawn/2621.jpg,51815debe5a20aa6956d1ad0377a493e9df50cc3c79d1d7b10843c74e59cc32e
yawn_eye,test,no_yawn,29.jpg,yawn_eye/test/no_yawn/29.jpg,fa46c307bee47754cfca6ce4b955b369ccb7718b059863568126da01018872b8
yawn_eye,test,no_yawn,461.jpg,yawn_eye/test/no_yawn/461.jpg,01cd7540d16b4fc0aef212d98c07bb149993fd0fae30eec853abbec62da4a9d9
yawn_eye,test,no_yawn,487.jpg,yawn_eye/test/no_yawn/487.jpg,4b286dd314943f9cf897c38a31af337f214b3039d6e2dc945bb6d4ca607538c2
yawn_eye,test,no_yawn,510.jpg,yawn_eye/test/no_yawn/510.jpg,be865d65c8d934e0c4d6b5f5031692b37f0aadb17f9ddafe72612039d164ea12
yawn_eye,test,no_yawn,526.jpg,yawn_eye/test/no_yawn/526.jpg,f51adf86ddbf36ca7f5924cb707130c525752cb6a56e9ca1e294e976e58a3290
yawn_eye,test,no_yawn,548.jpg,yawn_eye/test/no_yawn/548.jpg,8da035bacd1c3e48052c4c4c96139eefbbbe95ccff8094fcba59bfccecea09b1
yawn_eye,test,no_yawn,551.jpg,yawn_eye/test/no_yawn/551.jpg,28af2843bc568e377975cc97c06a52876627f7ebe0ddb1e687e89fd946091cd8
yawn_eye,test,no_yawn,646.jpg,yawn_eye/test/no_yawn/646.jpg,d14efae4280192be2fbdfe4cb58ea36d2b2b2c8c3b8e7175c81ba7740c76ebfc
yawn_eye,test,no_yawn,702.jpg,yawn_eye/test/no_yawn/702.jpg,26d1dd00c5aa4cd76027703638814aaeffef1de1ec24a0fd670aad2bdfb5abe2
yawn_eye,test,no_yawn,728.jpg,yawn_eye/test/no_yawn/728.jpg,5cd2a34dac7aebfd29ea78282b1f6128021b3424f2c93bb57937464f4d15c170
yawn_eye,test,no_yawn,756.jpg,yawn_eye/test/no_yawn/756.jpg,80ae08a2b456bd04a506e26fe2cfe1510a477150d5529d6b717b8d8025033972
yawn_eye,test,no_yawn,779.jpg,yawn_eye/test/no_yawn/779.jpg,69c4c9c3095911013f9d6c39c0fd2485e3920d7f645eeb07e911a0dad609b49a
yawn_eye,test,no_yawn,958.jpg,yawn_eye/test/no_yawn/958.jpg,ca31bb6f4307b72e4efe23c39ac57f1cfda6a1dc62eba73ddc398a9de0579839
yawn_eye,test,no_yawn,959.jpg,yawn_eye/test/no_yawn/959.jpg,2df400cdc19bce6b63ce620fc6c81db8afade24a23bf0324dae28961cafe6ead
yawn_eye,test,no_yawn,963.jpg,yawn_eye/test/no_yawn/963.jpg,cd2474c0ae0a4a9cb3c88cd017a165b8826c41488ee297953ecc72424bf7da4a
yawn_eye,test,no_yawn,976.jpg,yawn_eye/test/no_yawn/976.jpg,a51b43e989a13634196a65d4aeaf3213fb3d2329eb792c69977b4a5d0208ac92
